Module,Order,Course Name,Video Link,Description,Transcript,AI Description
Introduction to BOB University,,About Ray,,,,
Introduction to BOB University,,Not sure if BOB U Certification is right for you?,,,,
Introduction to BOB University,,Certification Cohorts - October Syllabus,,,,
Module 1: The Basics,1,Square Shape Haircut,https://cdn.courses.apisystem.tech/memberships/3VpW3RGls3jMqf7MzgBK/videos/e8906782-8fcc-441d-91fe-4432e5967994_5300k.mp4,Ive added a couple extra photos so you can see what a finished square shaped haircut looks like on a real client.,,
Module 1: The Basics,2,Round Shape Haircut,https://cdn.courses.apisystem.tech/memberships/3VpW3RGls3jMqf7MzgBK/videos/8b9ed5da-15bf-4396-ae01-eae659af8d47_5300k.mp4,,,
Module 1: The Basics,3,Round Graduation,"https://content.apisystem.tech/hls/v2/memberships/3VpW3RGls3jMqf7MzgBK/videos/cts-b220c1a69ea29610_,360,480,720,1080,p.mp4.urlset/index-f1-v1-a1.m3u8",,,
Module 1: The Basics,4,Triangular Graduation,https://cdn.courses.apisystem.tech/memberships/3VpW3RGls3jMqf7MzgBK/videos/35aed2bf-a9c2-4487-890c-f875d7ab413b_5300k.mp4,,,
Module 1: The Basics,5,Sectioning for Success,https://cdn.courses.apisystem.tech/memberships/3VpW3RGls3jMqf7MzgBK/videos/91055e8b-d4d0-4383-8edf-8fe6ba46a0e8_5300k.mp4,,,
Module 1: The Basics,6,Sectioning 1,https://cdn.courses.apisystem.tech/memberships/3VpW3RGls3jMqf7MzgBK/videos/2bbb1c4e-5672-40b3-8054-4fcce2402c2c_5300k.mp4,,,
Module 1: The Basics,7,Sectioning 2,https://cdn.courses.apisystem.tech/memberships/3VpW3RGls3jMqf7MzgBK/videos/59febc0b-a11f-48c9-9cc1-136836196a6d_5300k.mp4,,,
Module 1: The Basics,8,Blending Scissors Breakdown,https://cdn.courses.apisystem.tech/memberships/3VpW3RGls3jMqf7MzgBK/videos/1c93d21d-72c0-4673-b1a0-5a07690545d7_5300k.mp4,,,
Module 1: The Basics,9,Slide Cutting / Channel Cutting,https://cdn.courses.apisystem.tech/memberships/3VpW3RGls3jMqf7MzgBK/videos/1dd9ff4b-079b-431d-a05b-db6fe00b82d9_5300k.mp4,,,
Module 1: The Basics,10,Basics of Layering,https://cdn.courses.apisystem.tech/memberships/3VpW3RGls3jMqf7MzgBK/videos/ddbd6594-2fa5-45ca-9890-360912a48e1b_5300k.mp4,,,
Module 1: The Basics,11,Internal Layering,https://cdn.courses.apisystem.tech/memberships/3VpW3RGls3jMqf7MzgBK/videos/ac2cae38-d683-4ed2-90af-1e17b6784c7e_5300k.mp4,,,
Module 1: The Basics,12,Scissors Choice,https://cdn.courses.apisystem.tech/memberships/3VpW3RGls3jMqf7MzgBK/videos/27c8d06a-6ccc-4b25-8de2-609acdd36fba_5300k.mp4,,,
Module 1: The Basics,13,Brush Choice,https://cdn.courses.apisystem.tech/memberships/3VpW3RGls3jMqf7MzgBK/videos/fde3168e-0c68-4e00-afb1-c929c762ba65_5300k.mp4,,,
Module 1: The Basics,14,Wet vs Dry Haircutting,https://cdn.courses.apisystem.tech/memberships/3VpW3RGls3jMqf7MzgBK/videos/1b83d194-e6f6-47c1-81a5-5dc9ec4d6450_5300k.mp4,,,
Module 1: The Basics,15,Notching,https://cdn.courses.apisystem.tech/memberships/3VpW3RGls3jMqf7MzgBK/videos/7b95eb99-5179-417f-9925-688c5659c0f2_5300k.mp4,,,
Module 1: The Basics,16,Comb Control,https://cdn.courses.apisystem.tech/memberships/3VpW3RGls3jMqf7MzgBK/videos/1db5c436-d300-49c6-a913-531b94639b59_5300k.mp4,,,
Module 1: The Basics,17,Body Position Awareness,https://cdn.courses.apisystem.tech/memberships/3VpW3RGls3jMqf7MzgBK/videos/86f8bf7f-19c0-409a-b95b-cc6e32c0c677_5300k.mp4,,,
Module 1: The Basics,18,Face Shapes,https://cdn.courses.apisystem.tech/memberships/3VpW3RGls3jMqf7MzgBK/videos/5184228a-caa6-4120-a403-7e193895ca37_5300k.mp4,,,
Module 2: Core Sectioning,1,Breakdown Any Haircut Part 1,https://cdn.courses.apisystem.tech/memberships/3VpW3RGls3jMqf7MzgBK/videos/3774a640-2337-490e-9611-93c389c3c451_5300k.mp4,,,
Module 2: Core Sectioning,2,Breakdown Any Haircut - Part 2,https://cdn.courses.apisystem.tech/memberships/3VpW3RGls3jMqf7MzgBK/videos/3500d419-288d-461f-b0f9-21fec1584558_5300k.mp4,,,
Module 2: Core Sectioning,3,Perfect Bob Part 1,https://cdn.courses.apisystem.tech/memberships/3VpW3RGls3jMqf7MzgBK/videos/c0f81712-0502-450c-b2e5-200f158dcebc_5300k.mp4,Make sure to take a look at the Perfect Bob Head sheet over to the right,,
Module 2: Core Sectioning,4,Perfect Bob Part 2,https://cdn.courses.apisystem.tech/memberships/3VpW3RGls3jMqf7MzgBK/videos/d7187d08-62e2-4c25-87f7-d912bf6d859e_5300k.mp4,,,
Module 2: Core Sectioning,5,Perfect Bob Part 3,https://cdn.courses.apisystem.tech/memberships/3VpW3RGls3jMqf7MzgBK/videos/e15141d4-e661-4cf2-b858-b937bff1daaf_5300k.mp4,,,
Module 2: Core Sectioning,6,Square Layers Part 1,https://cdn.courses.apisystem.tech/memberships/3VpW3RGls3jMqf7MzgBK/videos/89763b1c-b32a-4032-a4c3-feca213756ab_5300k.mp4,,,
Module 2: Core Sectioning,7,Square Layers Part 2,https://cdn.courses.apisystem.tech/memberships/3VpW3RGls3jMqf7MzgBK/videos/f781b525-6740-4e8c-9878-2040e09025b5_5300k.mp4,,,
Module 2: Core Sectioning,8,Square Layers Part 3,https://cdn.courses.apisystem.tech/memberships/3VpW3RGls3jMqf7MzgBK/videos/d5385963-276e-4f5c-9871-00f6788daac4_5300k.mp4,,,
Module 2: Core Sectioning,9,Core Pixie Cut Breakdown Part 1,https://cdn.courses.apisystem.tech/memberships/3VpW3RGls3jMqf7MzgBK/videos/719b3231-af90-4554-8b28-92246ea09480_5300k.mp4,,,
Module 2: Core Sectioning,10,Core Pixie Cut Breakdown Part 2,https://cdn.courses.apisystem.tech/memberships/3VpW3RGls3jMqf7MzgBK/videos/a24f5646-a6ad-4893-b442-6f860f9d5607_5300k.mp4,,,
Module 2: Core Sectioning,11,Core Pixie Cut Breakdown Part 3,https://cdn.courses.apisystem.tech/memberships/3VpW3RGls3jMqf7MzgBK/videos/f546d24f-4b74-4897-be9e-68a66dc4f898_5300k.mp4,,,
Module 2: Core Sectioning,12,Core Pixie Cut Breakdown Part 4,https://cdn.courses.apisystem.tech/memberships/3VpW3RGls3jMqf7MzgBK/videos/a08d17d7-4ee9-4da0-8067-191bc1681934_5300k.mp4,,,
Module 2: Core Sectioning,13,Core Sectioning Lob Breakdown,https://cdn.courses.apisystem.tech/memberships/3VpW3RGls3jMqf7MzgBK/videos/702e6f31-e2dd-4642-b75f-c31b505e641c_5300k.mp4,,,
Module 2: Core Sectioning,14,Lob breakdown pt 2,https://cdn.courses.apisystem.tech/memberships/3VpW3RGls3jMqf7MzgBK/videos/164808bb-2bc0-4016-a3ff-2f963ebfdb7c_3200k.mp4,,,
Module 2: Core Sectioning,15,Lob breakdown pt 3,https://cdn.courses.apisystem.tech/memberships/3VpW3RGls3jMqf7MzgBK/videos/01659577-d7ab-4139-b146-f921ee39d52a_3200k.mp4,,,
Module 2: Core Sectioning,16,Lob Breakdown pt 4,https://cdn.courses.apisystem.tech/memberships/3VpW3RGls3jMqf7MzgBK/videos/25c54da2-b9cc-4f36-9856-adde773f18d2_5300k.mp4,"The final step in this cut is the fringe. The techniques used will make cutting a fringe so easy and really make a huge difference in the finished results. Also, I know I said there was a style video on this cut, But I have not done that yet. We can cover some styling of a lob in a live zoom session.",,
Module 3: The Perfect Bob Method,1,Introduction,https://cdn.courses.apisystem.tech/memberships/3VpW3RGls3jMqf7MzgBK/videos/d081bf69-243b-4c4c-a4a4-20f8f853f68f_5300k.mp4,,,
Module 3: The Perfect Bob Method,2,Understanding the Undercut  Part 1,https://cdn.courses.apisystem.tech/memberships/3VpW3RGls3jMqf7MzgBK/videos/a72f5ce4-6146-4f9d-8582-48c602cabb82_3200k.mp4,,,
Module 3: The Perfect Bob Method,3,Understanding the Undercut  Part 2,https://cdn.courses.apisystem.tech/memberships/3VpW3RGls3jMqf7MzgBK/videos/a2f3aa3e-a86d-471b-b7a7-5749779fe4a1_5300k.mp4,,,
Module 3: The Perfect Bob Method,4,Understanding the Undercut  Part 3,https://cdn.courses.apisystem.tech/memberships/3VpW3RGls3jMqf7MzgBK/videos/b1025ab3-ddfa-4ad9-a0dc-f7bc928c7f73_5300k.mp4,,,
Module 3: The Perfect Bob Method,5,Perfect Bob Method Sectioning,https://cdn.courses.apisystem.tech/memberships/3VpW3RGls3jMqf7MzgBK/videos/86fe761c-408a-45e8-b4c6-83ac37b36c57_3200k.mp4,,,
Module 3: The Perfect Bob Method,6,Perfect Bob Part 1,https://cdn.courses.apisystem.tech/memberships/3VpW3RGls3jMqf7MzgBK/videos/3c4968e4-cac2-409d-9c50-f61fe615ae28_3200k.mp4,,,
Module 3: The Perfect Bob Method,7,Perfect Bob Part 2,https://cdn.courses.apisystem.tech/memberships/3VpW3RGls3jMqf7MzgBK/videos/286ec179-d456-429a-927e-35b8f76904ed_3200k.mp4,,,
Module 3: The Perfect Bob Method,8,Perfect Bob Part 3,https://cdn.courses.apisystem.tech/memberships/3VpW3RGls3jMqf7MzgBK/videos/730fe075-4942-43cb-a34a-941da969cf8a_5300k.mp4,,,
Module 3: The Perfect Bob Method,9,Perfect Bob Recap,https://cdn.courses.apisystem.tech/memberships/3VpW3RGls3jMqf7MzgBK/videos/c879512b-2773-44e4-9a75-1951844bd88a_5300k.mp4,,,
Module 3: The Perfect Bob Method,10,Full Dry Haircut Part 1,https://cdn.courses.apisystem.tech/memberships/3VpW3RGls3jMqf7MzgBK/videos/13700523-08c0-4a07-9488-a9ca69b82d8f_3200k.mp4,,,
Module 3: The Perfect Bob Method,11,Full Dry Haircut Part 2,https://cdn.courses.apisystem.tech/memberships/3VpW3RGls3jMqf7MzgBK/videos/1cb2c64b-4569-4482-8675-a958728bf107_3200k.mp4,,,
Module 3: The Perfect Bob Method,12,Full Dry Haircut Recap,https://cdn.courses.apisystem.tech/memberships/3VpW3RGls3jMqf7MzgBK/videos/5f9839d3-f292-4382-9b7d-e59d89322338_3200k.mp4,,,
Module 3: The Perfect Bob Method,13,One Length Bob,https://cdn.courses.apisystem.tech/memberships/3VpW3RGls3jMqf7MzgBK/videos/66069e42-16db-4fb0-b314-8a75954fdd22_3200k.mp4,,,
Module 3: The Perfect Bob Method,14,One Length Bob Recap,https://cdn.courses.apisystem.tech/memberships/3VpW3RGls3jMqf7MzgBK/videos/73475c00-56b8-4d96-af35-76e09393caf4_3200k.mp4,,,
Module 3: The Perfect Bob Method,15,One Length Bob Medium/Thick Density Part 1,https://cdn.courses.apisystem.tech/memberships/3VpW3RGls3jMqf7MzgBK/videos/c9361ede-32c5-4e55-9b3e-7f5a0d3a17dc_3200k.mp4,,,
Module 3: The Perfect Bob Method,16,One Length Bob Medium/Thick Density Part 2,https://cdn.courses.apisystem.tech/memberships/3VpW3RGls3jMqf7MzgBK/videos/821ac5ed-9b48-4b45-be06-60c98b9582d2_3200k.mp4,,,
Module 3: The Perfect Bob Method,17,One Length Bob Medium/Thick Density Recap,https://cdn.courses.apisystem.tech/memberships/3VpW3RGls3jMqf7MzgBK/videos/56b055be-f209-42a2-8bef-3b12ab5122f3_3200k.mp4,,,
Module 3: The Perfect Bob Method,18,Traditional Stack vs. Modern A-Line,https://cdn.courses.apisystem.tech/memberships/3VpW3RGls3jMqf7MzgBK/videos/83470042-784d-40a6-98f9-2249d8aaf6c3_3200k.mp4,,,
Module 3: The Perfect Bob Method,19,Traditional Stack vs. Modern A-Line Part 2,https://cdn.courses.apisystem.tech/memberships/3VpW3RGls3jMqf7MzgBK/videos/731298cc-2b11-499f-a9ef-0fb913d12579_3200k.mp4,,,
Module 3: The Perfect Bob Method,20,French Bob Part 1,"https://content.apisystem.tech/hls/v2/memberships/3VpW3RGls3jMqf7MzgBK/videos/cts-71bae82b2ae9d477_,360,480,720,1080,p.mp4.urlset/index-f1-v1-a1.m3u8",,,
Module 3: The Perfect Bob Method,21,French Bob part 2,"https://content.apisystem.tech/hls/v2/memberships/3VpW3RGls3jMqf7MzgBK/videos/cts-9f435ac1f86c56d9_,360,480,720,1080,p.mp4.urlset/index-f1-v1-a1.m3u8",,,
Module 3: The Perfect Bob Method,22,French Bob part 3,"https://content.apisystem.tech/hls/v2/memberships/3VpW3RGls3jMqf7MzgBK/videos/cts-52b7b958bbfd69d2_,360,480,720,1080,p.mp4.urlset/index-f1-v1-a1.m3u8",,,
Module 3: The Perfect Bob Method,23,French Bob part 4,"https://content.apisystem.tech/hls/v2/memberships/3VpW3RGls3jMqf7MzgBK/videos/cts-a51bf7456d908f3e_,360,480,720,1080,p.mp4.urlset/index-f1-v1-a1.m3u8",,,
Module 3: The Perfect Bob Method,24,French Bob part 5,"https://content.apisystem.tech/hls/v2/memberships/3VpW3RGls3jMqf7MzgBK/videos/cts-95e94b0efd9f342e_,360,480,720,1080,p.mp4.urlset/index-f1-v1-a1.m3u8",,,
Module 4: Pixies and Bixies,1,Intro to Pixies,https://cdn.courses.apisystem.tech/memberships/3VpW3RGls3jMqf7MzgBK/videos/4e8df735-0fc6-4ac7-9fb3-3d3a02cd6d18_3200k.mp4,,,
Module 4: Pixies and Bixies,2,90 Degree Pixie Part 1,https://cdn.courses.apisystem.tech/memberships/3VpW3RGls3jMqf7MzgBK/videos/853354a4-e17d-4c9d-ab01-c2f39e387f86_3200k.mp4,,,
Module 4: Pixies and Bixies,3,90 Degree Pixie Part 2,https://cdn.courses.apisystem.tech/memberships/3VpW3RGls3jMqf7MzgBK/videos/43bd5604-48f9-42b9-8053-1cd140d6723f_3200k.mp4,,,
Module 4: Pixies and Bixies,4,90 Degree Pixie Part 3,https://cdn.courses.apisystem.tech/memberships/3VpW3RGls3jMqf7MzgBK/videos/ec7c52b6-0611-41ea-9f8a-794473c96326_3200k.mp4,,,
Module 4: Pixies and Bixies,5,Shaggy Pixie Part 1,https://cdn.courses.apisystem.tech/memberships/3VpW3RGls3jMqf7MzgBK/videos/925fe3a7-f527-4b99-b8b6-8fc356505671_3200k.mp4,,,
Module 4: Pixies and Bixies,6,Shaggy Pixie Part 2,https://cdn.courses.apisystem.tech/memberships/3VpW3RGls3jMqf7MzgBK/videos/d6ed587c-8e26-4f99-9075-f4c7bbcd3862_3200k.mp4,,,
Module 4: Pixies and Bixies,7,Shaggy Pixie Part 3,https://cdn.courses.apisystem.tech/memberships/3VpW3RGls3jMqf7MzgBK/videos/e7894a61-7060-4817-84ba-7c46738f3cc6_3200k.mp4,,,
Module 4: Pixies and Bixies,8,Shaggy Pixie Part 4,https://cdn.courses.apisystem.tech/memberships/3VpW3RGls3jMqf7MzgBK/videos/30347121-0d5a-4a65-ac1d-7c84c4cc05bc_3200k.mp4,,,
Module 4: Pixies and Bixies,9,Short Pixie / Wavy Hair Intro,https://cdn.courses.apisystem.tech/memberships/3VpW3RGls3jMqf7MzgBK/videos/4c527e22-2a20-4448-a478-0b3aa5118639_3200k.mp4,,,
Module 4: Pixies and Bixies,10,Short Pixie / Wavy Hair Part 1,https://cdn.courses.apisystem.tech/memberships/3VpW3RGls3jMqf7MzgBK/videos/5de5bff2-a0bc-441c-83ed-a638c716b1e7_3200k.mp4,,,
Module 4: Pixies and Bixies,11,Short Pixie / Wavy Hair Part 2,https://cdn.courses.apisystem.tech/memberships/3VpW3RGls3jMqf7MzgBK/videos/baed97c4-1662-4a4c-8a5b-64442d6ff867_3200k.mp4,,,
Module 4: Pixies and Bixies,12,Short Pixie / Wavy Hair Recap,https://cdn.courses.apisystem.tech/memberships/3VpW3RGls3jMqf7MzgBK/videos/745d620c-0e92-4bd5-aa7f-468f860677bb_3200k.mp4,,,
Module 4: Pixies and Bixies,13,Bixie with Undercut Part 1,https://cdn.courses.apisystem.tech/memberships/3VpW3RGls3jMqf7MzgBK/videos/a85773ca-c893-4f3e-ac34-80541ee272bc_3200k.mp4,,,
Module 4: Pixies and Bixies,14,Bixie with Undercut Part 2,https://cdn.courses.apisystem.tech/memberships/3VpW3RGls3jMqf7MzgBK/videos/d9fab95e-539b-4c52-b78b-38e739859804_3200k.mp4,,,
Module 4: Pixies and Bixies,15,90's Boy Bob,"https://content.apisystem.tech/hls/v2/memberships/3VpW3RGls3jMqf7MzgBK/videos/cts-e97068e55ebcf01e_,360,480,720,1080,p.mp4.urlset/index-f1-v1-a1.m3u8",,,
Module 4: Pixies and Bixies,16,90's Boy Bob 2,"https://content.apisystem.tech/hls/v2/memberships/3VpW3RGls3jMqf7MzgBK/videos/cts-c4fdd14741cbb325_,360,480,720,1080,p.mp4.urlset/index-f1-v1-a1.m3u8",,,
Module 4: Pixies and Bixies,17,90's Boy Bob 3,"https://content.apisystem.tech/hls/v2/memberships/3VpW3RGls3jMqf7MzgBK/videos/cts-211a8a3047da85ec_,360,480,720,1080,p.mp4.urlset/index-f1-v1-a1.m3u8",,,
Module 4: Pixies and Bixies,18,90's Boy Bob 4,"https://content.apisystem.tech/hls/v2/memberships/3VpW3RGls3jMqf7MzgBK/videos/cts-62ff2e3cb7fb63bc_,360,480,720,1080,p.mp4.urlset/index-f1-v1-a1.m3u8",,,
Module 4: Pixies and Bixies,19,90's Boy Bob 5,"https://content.apisystem.tech/hls/v2/memberships/3VpW3RGls3jMqf7MzgBK/videos/cts-ec10a2dfc8af94f4_,360,480,720,1080,p.mp4.urlset/index-f1-v1-a1.m3u8",,,
Module 5: Shags and Midlength layers,1,Intro to Shags & Midlength Layers,https://cdn.courses.apisystem.tech/memberships/3VpW3RGls3jMqf7MzgBK/videos/a6b774a5-01da-4ab6-84c3-e258b45fb91f_3200k.mp4,,,
Module 5: Shags and Midlength layers,2,Shag Haircut Breakdown,https://cdn.courses.apisystem.tech/memberships/3VpW3RGls3jMqf7MzgBK/videos/43ef7e59-7921-47d7-9092-fa4ad0331b7a_5300k.mp4,,,
Module 5: Shags and Midlength layers,3,Boho Shag Haircut Part 1,https://cdn.courses.apisystem.tech/memberships/3VpW3RGls3jMqf7MzgBK/videos/f4097323-8f88-4069-a600-bc3b325b2e54_3200k.mp4,,,
Module 5: Shags and Midlength layers,4,Boho Shag Haircut Part 2,https://cdn.courses.apisystem.tech/memberships/3VpW3RGls3jMqf7MzgBK/videos/5e33784c-ba7c-4618-a182-a7973e5c146c_3200k.mp4,,,
Module 5: Shags and Midlength layers,5,Boho Shag Haircut Recap,https://cdn.courses.apisystem.tech/memberships/3VpW3RGls3jMqf7MzgBK/videos/132c3d97-778e-4ced-9f0c-55b08cf3263a_3200k.mp4,,,
Module 5: Shags and Midlength layers,6,Edgy 70s Shag Intro,https://cdn.courses.apisystem.tech/memberships/3VpW3RGls3jMqf7MzgBK/videos/a1f08d38-52dc-4795-99fb-039f5948940f_3200k.mp4,,,
Module 5: Shags and Midlength layers,7,Edgy 70s Shag Part 1,https://cdn.courses.apisystem.tech/memberships/3VpW3RGls3jMqf7MzgBK/videos/b3c58356-a5ce-4f2f-8d23-9adba41c502c_3200k.mp4,,,
Module 5: Shags and Midlength layers,8,Edgy 70s Shag Part 2,https://cdn.courses.apisystem.tech/memberships/3VpW3RGls3jMqf7MzgBK/videos/35e1f906-cdf3-4dd7-b719-432ea87b768b_3200k.mp4,,,
Module 5: Shags and Midlength layers,9,Edgy 70s Shag Recap,https://cdn.courses.apisystem.tech/memberships/3VpW3RGls3jMqf7MzgBK/videos/5f559c77-6859-4d6d-a3be-31b4740ffb58_3200k.mp4,,,
Module 5: Shags and Midlength layers,10,Shag haircut on mannequin,"https://content.apisystem.tech/hls/v2/memberships/3VpW3RGls3jMqf7MzgBK/videos/cts-052c0b620afc22cd_,360,480,720,1080,p.mp4.urlset/index-f1-v1-a1.m3u8",,,
Module 6 : Long Layers,1,Intro to Long Layers,https://cdn.courses.apisystem.tech/memberships/3VpW3RGls3jMqf7MzgBK/videos/c0d76c4c-fafd-4f70-b78e-016cb3ba6cd6_3200k.mp4,,,
Module 6 : Long Layers,2,Fine / Low Density Part 1,https://cdn.courses.apisystem.tech/memberships/3VpW3RGls3jMqf7MzgBK/videos/79d3b4ef-78ee-44c7-ae85-b333eaa9c1b5_3200k.mp4,,,
Module 6 : Long Layers,3,Fine / Low Density Part 2,https://cdn.courses.apisystem.tech/memberships/3VpW3RGls3jMqf7MzgBK/videos/5fe4dcf4-fa25-4fa5-8d7e-b67585fc4cd9_3200k.mp4,,,
Module 6 : Long Layers,4,Super Long Layers Intro,https://cdn.courses.apisystem.tech/memberships/3VpW3RGls3jMqf7MzgBK/videos/ab9fd521-00f3-4dde-ad15-5cf6bc63919c_3200k.mp4,,,
Module 6 : Long Layers,5,Super Long Layers Part 1,https://cdn.courses.apisystem.tech/memberships/3VpW3RGls3jMqf7MzgBK/videos/baf9731b-5c42-4ece-8ee1-93e8c1240293_3200k.mp4,,,
Module 6 : Long Layers,6,Super Long Layers Part 2,https://cdn.courses.apisystem.tech/memberships/3VpW3RGls3jMqf7MzgBK/videos/1e6cdef2-13f1-44e1-86c3-61d5b70538e1_3200k.mp4,,,
Module 6 : Long Layers,7,Super Long Layers Recap,https://cdn.courses.apisystem.tech/memberships/3VpW3RGls3jMqf7MzgBK/videos/f51585e6-0a5c-4721-ab21-d6427dfa8a3a_3200k.mp4,,,
Module 6 : Long Layers,8,Long Curly Layers Intro,https://cdn.courses.apisystem.tech/memberships/3VpW3RGls3jMqf7MzgBK/videos/bd82c149-d77c-40dc-b146-04b825d26ded_3200k.mp4,,,
Module 6 : Long Layers,9,Long Curly Layers Part 1,https://cdn.courses.apisystem.tech/memberships/3VpW3RGls3jMqf7MzgBK/videos/2deabde9-3c89-4566-bf24-b2c51dee2f00_3200k.mp4,,,
Module 6 : Long Layers,10,Long Curly Layers Part 2,https://cdn.courses.apisystem.tech/memberships/3VpW3RGls3jMqf7MzgBK/videos/d59d3851-11aa-4848-92cb-fa2ff4b1d15d_3200k.mp4,,,
Module 6 : Long Layers,11,Long Curly Layers Recap,https://cdn.courses.apisystem.tech/memberships/3VpW3RGls3jMqf7MzgBK/videos/23c0b95e-60ea-4d06-af8e-d4c68659b1c1_3200k.mp4,,,
Module 7: Many Ways to Cut a Bob,1,Master Class Part 1,https://cdn.courses.apisystem.tech/memberships/3VpW3RGls3jMqf7MzgBK/videos/b303ab03-b9f3-41d0-9f81-da898c34e777_5300k.mp4,,,
Module 7: Many Ways to Cut a Bob,2,Master Class Part 2,https://cdn.courses.apisystem.tech/memberships/3VpW3RGls3jMqf7MzgBK/videos/91b2268c-801d-4d70-941c-25e2443f04fd_3200k.mp4,,,
Module 7: Many Ways to Cut a Bob,3,Master Class Part 3,https://cdn.courses.apisystem.tech/memberships/3VpW3RGls3jMqf7MzgBK/videos/9ab4ed1b-8353-4e39-9ce4-f5ca6234d6ec_3200k.mp4,,,
Module 7: Many Ways to Cut a Bob,4,Shaggy BOB Mannequin Part 1,https://cdn.courses.apisystem.tech/memberships/3VpW3RGls3jMqf7MzgBK/videos/39d6b535-2c7b-433d-a974-e3e852c36e4e_5300k.mp4,,,
Module 7: Many Ways to Cut a Bob,5,Shaggy BOB Mannequin Part 2,https://cdn.courses.apisystem.tech/memberships/3VpW3RGls3jMqf7MzgBK/videos/298a8f14-51b0-4d24-aa5d-1f9e01796fd9_5300k.mp4,,,
Module 7: Many Ways to Cut a Bob,6,PIXIE BOB Mannequin Part 1,https://cdn.courses.apisystem.tech/memberships/3VpW3RGls3jMqf7MzgBK/videos/db41f19b-72d3-4583-a911-1e2110aaf4ab_5300k.mp4,,,
Module 7: Many Ways to Cut a Bob,7,PIXIE BOB Mannequin Part 2,https://cdn.courses.apisystem.tech/memberships/3VpW3RGls3jMqf7MzgBK/videos/bac0e351-e6c6-4d10-8f68-b3172807b6c2_5300k.mp4,Alright so we're on this left side here I just want to show you the difference is that your fingertips are gonna be pointing out instead of into the face obviously on this side so you're pulling forward still and you still got that same kind of angle so you're dropping the hair and dropping and shifting in the place and we're already just about perfect there just for eyeballing it and then so we go through that whole side and do the same thing and then we'll end up with the same situation as the other side right here behind the ear I'm just just extending back and connecting to the graduation created back there and that's looking good to go now we'll come down this left side here just so you guys can see I just wanted you guys to see both sides of that how that worked out now I've got the corner on both sides I need to take off and match up to the back which again still needs that length we're gonna clean that length up so we just use the comb control and bring that hair down also we're gonna do some pull it in the fingers as well just to kind of elevate it away from the face just a little bit and that is good right the jawline will take that length off now and honestly I'm probably gonna go in like at the very end with like a clipper on the neckline just to like really get that nice like tidy finish at the neckline which I do on clients as well from time to time so don't be afraid to grab your trimmers and just really tidy in that neckline if you really want that kind of a sharper look at the nape but right now we're just using comb control and just kind of taking it off getting not pulling with the comb just holding the hair in place so I remember try not to pull the hair down cause it will spring back up on you and it's looking really good we just need to obviously finish the hair there at the nape and like I said I probably gonna go back in the end of this and do a clipper on the neck just to make it really nice and sharp back there like you can see there I just I'm just gonna tidy that up and then I can just draw that with the clipper but right here over the ear I am just gonna making sure there's no like weird corners I need to connect any length with which there is just a little one and that is good to go now for sure and that little kind of dip in the length there I will just touch that up with clippers at the end of really tidy up that neckline area but you see that that way of cutting that way of connecting with doing the front first in the back second just just kind of a different way to approach it and now we're just going through and removing some weight through the back mainly the front doesn't bother me so much the back just very heavy back here and just need to tidy that tidy that up with some texturizing taking that weight out we're kind of doing that at a yeah about about a 45 degree angle there so again it's an aggressive weight removal taking those little sort of triangles out of the hair we just went all the way around the head but you see that that design lines really great it's got that nice graduation the whole way around and it's looking really good now and it's just got a nice little kind of boxy shape to this kind of perimeter which is a great structure to have down there okay so we just took a horizontal parting now from like basically straight across the crown like I divided the crown in half so this is the front half of the crown and then this is the back half of the crown that drops down to the occipital bone there so we've got this kind of like half circle so we've got a line there and then a curvature down there so like a half circle section okay and then this is what we're gonna use we'll use this to connect to the bottom half that we've cut the perimeter so we'll use this to connect to the perimeter okay and then we'll deal with this section next so we've taken a center parting through that section and we're gonna lift that out and grab a little bit of that dry hair underneath which kind of serves as our guide then we're gonna have our fingers at a 45 degree angle so those fingertips are pointing in toward the head as we lift out in this way and then the other side I'll show you kind of in a different a different angle so you can see from a different way but we're just grabbing all throughout that kind of half circle shape so we've reached the corner over there of that shape and we're just extending that over and again 45 degree finger position and we've created some layering now we're not doing an undercut here so now we can see here we're just again pulling that hair out kind of square from the head and then connecting so you can see what this is doing this is kind of building some shape kind of on the back end of this haircut and then as we move into the next section that next kind of rectangular section it's going to build some shape through kind of the mid and top but you can see it back here just those those layers and that the way we cut it is just kind of falling off to the sides now you can see it's got a little bit of length on to the left and to the right and then now we're gonna go across the top and connect it to the length of the back so I'm taking a little bit of that future a little bit of the past we're gonna bring that up right above the crown and then this will serve as our stationary guide for the rest of the top section here so you can see I'm kind of pulling that back to me finding the design line and then cutting cutting square across there and I guess just like what we did on Tory that blond second the second cut in the series there and I think on Tori actuallyI I took like kind of a whole like a really big section cause of her hair density she could I could do that but so you can see we what we're creating is these layers now so everything's even straight across from one side to the other everything's even and we're building in some shape building and some layers so again another angle here just kind of pulling that hair back to my stationary guideline now which I did again like kind of with like one large section on Tory because our hair density just didn't need this many partings but I've said this mannequin has a ton of hair on it so again just kind of cut and square across missed a couple hairs there that happens so just re re comb it repart it clean it up all right here's from the profile so again just grabbing a little bit of the next parting a little bit of the previous parting and bringing that all the way back to where we our first guide just above the crown there so again we're leaving a little bit of length toward the front so this cut is just again like I said in the beginning of taking a little bit of creative liberties I'm just doing something a little different than on this cut than exactly like it did on Tori but it's the same sectioning patterns just changing how I'm doing the layers so that is that that box you know on the top is cut all square all those layers are even and then we'll see this from the side and we have just a little bit hair over hanging the length there now since we were extending back so we can take care of that really easily in the next section and it's time to move on to the next video,,
Module 7: Many Ways to Cut a Bob,8,PIXIE BOB Mannequin Part 3,https://cdn.courses.apisystem.tech/memberships/3VpW3RGls3jMqf7MzgBK/videos/bc1124fc-adeb-424f-8cc1-1f9f5de5851d_3200k.mp4,,,
Module 7: Many Ways to Cut a Bob,9,Shaggy LOB Intro,https://cdn.courses.apisystem.tech/memberships/3VpW3RGls3jMqf7MzgBK/videos/c1e6ad11-8bfc-4edc-8d07-257ef9fce003_3200k.mp4,,,
Module 7: Many Ways to Cut a Bob,10,Shaggy LOB  Part 1,https://cdn.courses.apisystem.tech/memberships/3VpW3RGls3jMqf7MzgBK/videos/d3f02b2a-e064-4dda-8548-5daedeb40401_3200k.mp4,,,
Module 7: Many Ways to Cut a Bob,11,Shaggy LOB  Part 2,https://cdn.courses.apisystem.tech/memberships/3VpW3RGls3jMqf7MzgBK/videos/95f39901-af60-4e5f-b944-6e460e589b08_3200k.mp4,,,
Module 7: Many Ways to Cut a Bob,12,Shaggy LOB  Part 3,https://cdn.courses.apisystem.tech/memberships/3VpW3RGls3jMqf7MzgBK/videos/296fc404-16be-4e78-a801-5332b052bec8_3200k.mp4,,,
Module 7: Many Ways to Cut a Bob,13,Shaggy LOB  Part 4,https://cdn.courses.apisystem.tech/memberships/3VpW3RGls3jMqf7MzgBK/videos/af1e6768-7c5c-4088-8d72-61266aeb0d84_5300k.mp4,,,
Module 7: Many Ways to Cut a Bob,14,Grunge Bob Intro,"https://content.apisystem.tech/hls/v2/memberships/3VpW3RGls3jMqf7MzgBK/videos/b261f4c6-e54e-47ba-929d-760dab478597_,32,16,00k.mp4.urlset/index-f2-v1-a1.m3u8",,,
Module 7: Many Ways to Cut a Bob,15,Grunge Bob Part 1,"https://content.apisystem.tech/hls/v2/memberships/3VpW3RGls3jMqf7MzgBK/videos/4b0a76c1-9ad9-4469-8784-3e358f3cdc55_,32,16,00k.mp4.urlset/index-f2-v1-a1.m3u8",,,
Module 7: Many Ways to Cut a Bob,16,Grunge Bob Part 2,"https://content.apisystem.tech/hls/v2/memberships/3VpW3RGls3jMqf7MzgBK/videos/88dcdfb4-7a55-4a45-8cc0-9c16cf5557d5_,32,16,00k.mp4.urlset/index-f2-v1-a1.m3u8",,,
Module 7: Many Ways to Cut a Bob,17,Grunge Bob Part 3,"https://content.apisystem.tech/hls/v2/memberships/3VpW3RGls3jMqf7MzgBK/videos/49eee319-c6d9-45db-8993-04c401385b50_,32,16,00k.mp4.urlset/index-f2-v1-a1.m3u8",,,
Module 7: Many Ways to Cut a Bob,18,Grunge Bob Part 4,"https://content.apisystem.tech/hls/v2/memberships/3VpW3RGls3jMqf7MzgBK/videos/b8419509-a798-4bd4-aaf3-acbcfc47fe5b_,32,16,00k.mp4.urlset/index-f1-v1-a1.m3u8",,,
Module 7: Many Ways to Cut a Bob,19,Natural Wavy Bob Intro,https://cdn.courses.apisystem.tech/memberships/3VpW3RGls3jMqf7MzgBK/videos/f52fb5da-3e41-44de-9f45-fc758eee65ff_3200k.mp4,,,
Module 7: Many Ways to Cut a Bob,20,Natural Wavy Bob Part 1,https://cdn.courses.apisystem.tech/memberships/3VpW3RGls3jMqf7MzgBK/videos/ad63598e-32ee-487a-9c46-137bdf497102_3200k.mp4,,,
Module 7: Many Ways to Cut a Bob,21,Natural Wavy Bob Part 2,https://cdn.courses.apisystem.tech/memberships/3VpW3RGls3jMqf7MzgBK/videos/1026c8fa-3cb8-4757-97b9-9637140f6586_3200k.mp4,,,
Module 7: Many Ways to Cut a Bob,22,Natural Wavy Bob Part 3,https://cdn.courses.apisystem.tech/memberships/3VpW3RGls3jMqf7MzgBK/videos/3f382145-6d03-4277-af0c-bec0724aac95_3200k.mp4,,,
Module 7: Many Ways to Cut a Bob,23,Natural Wavy Styling Option 1,https://cdn.courses.apisystem.tech/memberships/3VpW3RGls3jMqf7MzgBK/videos/0a79a34a-69c2-4d09-89ab-8ff0a3f0bfae_5300k.mp4,,,
Module 7: Many Ways to Cut a Bob,24,Natural Wavy Styling Option 2,https://cdn.courses.apisystem.tech/memberships/3VpW3RGls3jMqf7MzgBK/videos/727423e2-974b-4251-a991-82d34d2b9bde_5300k.mp4,,,
Module 7: Many Ways to Cut a Bob,25,Blunt Bob with Layers Part 1,https://cdn.courses.apisystem.tech/memberships/3VpW3RGls3jMqf7MzgBK/videos/c62d98d7-785d-4005-ad56-40442ffb0e1e-7a7l.mp4,,,
Module 7: Many Ways to Cut a Bob,26,Blunt Bob with Layers Part 2,https://cdn.courses.apisystem.tech/memberships/3VpW3RGls3jMqf7MzgBK/videos/a68dfe8a-a87b-4c39-9346-b5f4fcdee34c_3200k.mp4,,,
Module 7: Many Ways to Cut a Bob,27,Blunt Bob Styling Option,https://cdn.courses.apisystem.tech/memberships/3VpW3RGls3jMqf7MzgBK/videos/4f39f259-06d7-4909-889a-4f4888666eb2_3200k.mp4,,,
Module 7: Many Ways to Cut a Bob,28,Curtain Face Frame on a Bob,https://cdn.courses.apisystem.tech/memberships/3VpW3RGls3jMqf7MzgBK/videos/00121659-d2c3-456c-b856-48a08224a8fe_3200k.mp4,,,
Module 7: Many Ways to Cut a Bob,29,Very Curly Bob Part 1,https://cdn.courses.apisystem.tech/memberships/3VpW3RGls3jMqf7MzgBK/videos/441e8d8c-5264-450e-a616-9c08f8bb131e_3200k.mp4,,,
Module 7: Many Ways to Cut a Bob,30,Very Curly Bob Part 2,https://cdn.courses.apisystem.tech/memberships/3VpW3RGls3jMqf7MzgBK/videos/3af81f8d-b9b6-466d-b92f-61c2335195be_3200k.mp4,,,
Module 7: Many Ways to Cut a Bob,31,Very Curly Bob Part 3,https://cdn.courses.apisystem.tech/memberships/3VpW3RGls3jMqf7MzgBK/videos/87bf82a6-325f-478c-a6ab-c1006f02de52_3200k.mp4,,,
LIVE Zoom Class Vault,1,Live # 2 - Winona Ryder Iconic 90s Bob Breakdown,https://cdn.courses.apisystem.tech/memberships/3VpW3RGls3jMqf7MzgBK/videos/b30b30ed-5f98-402c-a377-e402372085ae_1600k.mp4,"Winona Ryder's iconic 90s bob breakdown // Covers concepts including core sectioning, client consult tips, traditional approach and modern approaches to texturizing techniques.",,
LIVE Zoom Class Vault,2,Live # 3 Core Sectioning Pixie Cut,https://cdn.courses.apisystem.tech/memberships/3VpW3RGls3jMqf7MzgBK/videos/cts-970a0b4dfd08052d_1440p.mp4,,,
LIVE Zoom Class Vault,3,Live # 4 Shape Shifter Bob,"https://content.apisystem.tech/hls/v2/memberships/3VpW3RGls3jMqf7MzgBK/videos/cts-58430f60a24664f8_,360,480,720,p.mp4.urlset/index-f1-v1-a1.m3u8",,,
LIVE Zoom Class Vault,4,Live # 5 Round Graduation,"https://content.apisystem.tech/hls/v2/memberships/3VpW3RGls3jMqf7MzgBK/videos/cts-5b82c7f991df00e6_,360,480,720,p.mp4.urlset/index-f1-v1-a1.m3u8",,,
LIVE Zoom Class Vault,5,Live # 6 Master the French Bob,"https://content.apisystem.tech/hls/v2/memberships/3VpW3RGls3jMqf7MzgBK/videos/cts-3034e5fefa0dc8d7_,360,p.mp4.urlset/index-v1-a1.m3u8",,,
LIVE Zoom Class Vault,6,Live #7 Concave Layering Workshop - 90 mins,https://drive.google.com/file/d/1qHDRoZPMoBM50pSMitrbyI_fr2QqlBIo/view?usp=drive_link,"CLICK HERE to watch the layering workshop: LINK



Synopsis:



If layering has ever felt confusing—especially on thick hair—this workshop will change how you cut forever.



You’ll learn how to:





Create a sleek, controlled concave shape



Use internal layering to add movement without losing fullness



Style layered cuts with a modern, contoured smooth-iron finish

This technique instantly upgrades your work, boosts your confidence behind the chair, and gives your clients that polished, high-end result they’re seeing on Pinterest (shags, wolf cuts, butterfly cuts).

",,